{"mtx": [[1384.179717540006, 0.0, 952.1310355120855], [0.0, 1383.4855471496971, 523.4708980890933], [0.0, 0.0, 1.0]], "dist": [[0.16511588185751722, -0.520168454936959, -0.0013155048527335167, -0.0006925548075051813, 0.47451855625652356]], "newmtx": [[1399.12255859375, 0.0, 950.2935397961701], [0.0, 1398.709228515625, 521.5668456405692], [0.0, 0.0, 1.0]], "roi": [4, 2, 1911, 1074]}